Kq,MaximumRealPole,ShortPeriodDampingRatio,ShortPeriodNaturalFrequency_rad_s,Stable
-1,-0.00272664469961447,NaN,NaN,1
-0.996153846153846,-0.0027250316741564,NaN,NaN,1
-0.992307692307692,-0.00272341793434421,NaN,NaN,1
-0.988461538461539,-0.00272180350159552,NaN,NaN,1
-0.984615384615385,-0.00272018839765159,NaN,NaN,1
-0.980769230769231,-0.00271857264458161,NaN,NaN,1
-0.976923076923077,-0.00271695626478709,NaN,NaN,1
-0.973076923076923,-0.00271533928100641,NaN,NaN,1
-0.969230769230769,-0.00271372171631877,NaN,NaN,1
-0.965384615384615,-0.00271210359415009,NaN,NaN,1
-0.961538461538462,-0.00271048493827609,NaN,NaN,1
-0.957692307692308,-0.00270886577282823,NaN,NaN,1
-0.953846153846154,-0.00270724612229809,NaN,NaN,1
-0.95,-0.0027056260115418,NaN,NaN,1
-0.946153846153846,-0.00270400546578579,NaN,NaN,1
-0.942307692307692,-0.00270238451063132,NaN,NaN,1
-0.938461538461538,-0.00270076317205937,NaN,NaN,1
-0.934615384615385,-0.00269914147643644,NaN,NaN,1
-0.930769230769231,-0.00269751945051892,NaN,NaN,1
-0.926923076923077,-0.00269589712145923,NaN,NaN,1
-0.923076923076923,-0.00269427451681052,NaN,NaN,1
-0.919230769230769,-0.0026926516645329,NaN,NaN,1
-0.915384615384615,-0.00269102859299784,NaN,NaN,1
-0.911538461538462,-0.00268940533099487,NaN,NaN,1
-0.907692307692308,-0.00268778190773686,NaN,NaN,1
-0.903846153846154,-0.00268615835286544,NaN,NaN,1
-0.9,-0.00268453469645749,NaN,NaN,1
-0.896153846153846,-0.00268291096903079,NaN,NaN,1
-0.892307692307692,-0.00268128720154988,NaN,NaN,1
-0.888461538461539,-0.00267966342543243,NaN,NaN,1
-0.884615384615385,-0.00267803967255549,NaN,NaN,1
-0.880769230769231,-0.00267641597526148,NaN,NaN,1
-0.876923076923077,-0.00267479236636507,NaN,NaN,1
-0.873076923076923,-0.00267316887915904,NaN,NaN,1
-0.869230769230769,-0.00267154554742146,NaN,NaN,1
-0.865384615384615,-0.00266992240542192,NaN,NaN,1
-0.861538461538462,-0.00266829948792879,NaN,NaN,1
-0.857692307692308,-0.00266667683021564,NaN,NaN,1
-0.853846153846154,-0.00266505446806826,NaN,NaN,1
-0.85,-0.00266343243779211,NaN,NaN,1
-0.846153846153846,-0.00266181077621918,NaN,NaN,1
-0.842307692307692,-0.00266018952071547,NaN,NaN,1
-0.838461538461538,-0.00265856870918813,NaN,NaN,1
-0.834615384615385,-0.0026569483800934,NaN,NaN,1
-0.830769230769231,-0.00265532857244375,NaN,NaN,1
-0.826923076923077,-0.00265370932581612,NaN,NaN,1
-0.823076923076923,-0.00265209068035926,NaN,NaN,1
-0.819230769230769,-0.00265047267680217,NaN,NaN,1
-0.815384615384615,-0.00264885535646187,NaN,NaN,1
-0.811538461538462,-0.00264723876125184,NaN,NaN,1
-0.807692307692308,-0.0026456229336902,NaN,NaN,1
-0.803846153846154,-0.00264400791690805,NaN,NaN,1
-0.8,-0.00264239375465861,NaN,NaN,1
-0.796153846153846,-0.00264078049132543,NaN,NaN,1
-0.792307692307692,-0.00263916817193133,NaN,NaN,1
-0.788461538461539,-0.00263755684214729,NaN,NaN,1
-0.784615384615385,-0.00263594654830209,NaN,NaN,1
-0.780769230769231,-0.00263433733739117,NaN,NaN,1
-0.776923076923077,-0.00263272925708574,NaN,NaN,1
-0.773076923076923,-0.00263112235574308,NaN,NaN,1
-0.769230769230769,-0.00262951668241557,NaN,NaN,1
-0.765384615384615,-0.00262791228686106,NaN,NaN,1
-0.761538461538461,-0.00262630921955212,NaN,NaN,1
-0.757692307692308,-0.00262470753168721,NaN,NaN,1
-0.753846153846154,-0.00262310727520005,NaN,NaN,1
-0.75,-0.00262150850277079,NaN,NaN,1
-0.746153846153846,-0.00261991126783602,NaN,NaN,1
-0.742307692307692,-0.00261831562459997,NaN,NaN,1
-0.738461538461539,-0.00261672162804525,NaN,NaN,1
-0.734615384615385,-0.00261512933394434,NaN,NaN,1
-0.730769230769231,-0.0026135387988702,NaN,NaN,1
-0.726923076923077,-0.00261195008020857,NaN,NaN,1
-0.723076923076923,-0.00261036323616894,NaN,NaN,1
-0.719230769230769,-0.00260877832579655,NaN,NaN,1
-0.715384615384615,-0.00260719540898481,NaN,NaN,1
-0.711538461538462,-0.00260561454648702,NaN,NaN,1
-0.707692307692308,-0.00260403579992877,NaN,NaN,1
-0.703846153846154,-0.00260245923182105,NaN,NaN,1
-0.7,-0.00260088490557249,NaN,NaN,1
-0.696153846153846,-0.00259931288550243,NaN,NaN,1
-0.692307692307692,-0.00259774323685434,NaN,NaN,1
-0.688461538461538,-0.00259617602580912,NaN,NaN,1
-0.684615384615385,-0.00259461131949849,NaN,NaN,1
-0.680769230769231,-0.00259304918601949,NaN,NaN,1
-0.676923076923077,-0.00259148969444752,NaN,NaN,1
-0.673076923076923,-0.00258993291485141,NaN,NaN,1
-0.669230769230769,-0.00258837891830766,NaN,NaN,1
-0.665384615384615,-0.00258682777691502,NaN,NaN,1
-0.661538461538462,-0.00258527956380974,NaN,NaN,1
-0.657692307692308,-0.00258373435318059,NaN,NaN,1
-0.653846153846154,-0.00258219222028423,NaN,NaN,1
-0.65,-0.00258065324146114,NaN,NaN,1
-0.646153846153846,-0.00257911749415136,NaN,NaN,1
-0.642307692307692,-0.0025775850569109,NaN,NaN,1
-0.638461538461538,-0.00257605600942796,NaN,NaN,1
-0.634615384615385,-0.00257453043253966,NaN,NaN,1
-0.630769230769231,-0.00257300840824933,NaN,NaN,1
-0.626923076923077,-0.00257149001974356,NaN,NaN,1
-0.623076923076923,-0.00256997535141005,NaN,NaN,1
-0.619230769230769,-0.00256846448885457,NaN,NaN,1
-0.615384615384615,-0.00256695751892021,NaN,NaN,1
-0.611538461538462,-0.00256545452970522,NaN,NaN,1
-0.607692307692308,-0.00256395561058185,NaN,NaN,1
-0.603846153846154,-0.00256246085221539,NaN,NaN,1
-0.6,-0.00256097034658347,NaN,NaN,1
-0.596153846153846,-0.00255948418699556,NaN,NaN,1
-0.592307692307692,-0.00255800246811337,NaN,NaN,1
-0.588461538461538,-0.00255652528597119,NaN,NaN,1
-0.584615384615385,-0.00255505273799553,NaN,NaN,1
-0.580769230769231,-0.00255358492302776,NaN,NaN,1
-0.576923076923077,-0.00255212194134407,NaN,NaN,1
-0.573076923076923,-0.00255066389467756,NaN,NaN,1
-0.569230769230769,-0.00254921088624084,NaN,NaN,1
-0.565384615384615,-0.00254776302074772,NaN,NaN,1
-0.561538461538462,-0.00254632040443638,NaN,NaN,1
-0.557692307692308,-0.00254488314509257,NaN,NaN,1
-0.553846153846154,-0.00254345135207279,NaN,NaN,1
-0.55,-0.00254202513632884,NaN,NaN,1
-0.546153846153846,-0.00254060461043186,NaN,NaN,1
-0.542307692307692,-0.00253918988859695,NaN,NaN,1
-0.538461538461538,-0.00253778108670874,NaN,NaN,1
-0.534615384615385,-0.00253637832234661,NaN,NaN,1
-0.530769230769231,-0.00253498171481118,NaN,NaN,1
-0.526923076923077,-0.00253359138515045,NaN,NaN,1
-0.523076923076923,-0.00253220745618667,NaN,NaN,1
-0.519230769230769,-0.00253083005254432,NaN,NaN,1
-0.515384615384615,-0.0025294593006774,NaN,NaN,1
-0.511538461538462,-0.00252809532889778,NaN,NaN,1
-0.507692307692308,-0.00252673826740466,NaN,NaN,1
-0.503846153846154,-0.00252538824831292,NaN,NaN,1
-0.5,-0.0025240454056838,NaN,NaN,1
-0.496153846153846,-0.00252270987555478,NaN,NaN,1
-0.492307692307692,-0.00252138179597074,NaN,NaN,1
-0.488461538461539,-0.00252006130701496,NaN,NaN,1
-0.484615384615385,-0.00251874855084172,NaN,NaN,1
-0.480769230769231,-0.00251744367170747,NaN,NaN,1
-0.476923076923077,-0.00251614681600592,NaN,NaN,1
-0.473076923076923,-0.00251485813229975,0.997975787718425,3.09829032561538,1
-0.469230769230769,-0.00251357777135573,0.992792304473979,3.09478727758901,1
-0.465384615384615,-0.00251230588617966,0.987598355801041,3.09128020683094,1
-0.461538461538462,-0.00251104263205146,0.982393890053893,3.08776909962384,1
-0.457692307692308,-0.00250978816656094,0.977178855199766,3.08425394217525,1
-0.453846153846154,-0.0025085426496454,0.971953198815,3.08073472061698,1
-0.45,-0.00250730624362597,0.966716868081162,3.07721142100459,1
-0.446153846153846,-0.00250607911324632,0.961469809781111,3.07368402931688,1
-0.442307692307692,-0.00250486142571084,0.956211970295019,3.07015253145527,1
-0.438461538461539,-0.00250365335072407,0.950943295596342,3.06661691324332,1
-0.434615384615385,-0.00250245506053077,0.945663731247736,3.06307716042613,1
-0.430769230769231,-0.00250126672995712,0.940373222396935,3.05953325866977,1
-0.426923076923077,-0.0025000885364514,0.93507171377256,3.05598519356073,1
-0.423076923076923,-0.00249892066012641,0.929759149679896,3.05243295060537,1
-0.419230769230769,-0.00249776328380308,0.924435473996598,3.04887651522928,1
-0.415384615384615,-0.00249661659305351,0.91910063016836,3.04531587277678,1
-0.411538461538462,-0.00249548077624532,0.913754561204514,3.04175100851024,1
-0.407692307692308,-0.00249435602458803,0.908397209673586,3.0381819076096,1
-0.403846153846154,-0.00249324253217783,0.903028517698796,3.03460855517167,1
-0.4,-0.00249214049604577,0.897648426953487,3.0310309362096,1
-0.396153846153846,-0.00249105011620465,0.892256878656517,3.02744903565225,1
-0.392307692307692,-0.00248997159569829,0.886853813567575,3.02386283834359,1
-0.388461538461539,-0.00248890514065075,0.881439171982452,3.02027232904206,1
-0.384615384615385,-0.00248785096031717,0.876012893728241,3.01667749241999,1
-0.380769230769231,-0.00248680926713462,0.870574918158481,3.01307831306297,1
-0.376923076923077,-0.00248578027677471,0.86512518414824,3.00947477546919,1
-0.373076923076923,-0.00248476420819704,0.859663630089132,3.00586686404883,1
-0.369230769230769,-0.00248376128370348,0.854190193884272,3.00225456312345,1
-0.365384615384616,-0.00248277172899288,0.84870481294317,2.99863785692529,1
-0.361538461538462,-0.00248179577321798,0.843207424176548,2.99501672959667,1
-0.357692307692308,-0.00248083364904221,0.837697963991108,2.9913911651893,1
-0.353846153846154,-0.00247988559269847,0.832176368284213,2.98776114766367,1
-0.35,-0.00247895184404831,0.826642572438514,2.98412666088834,1
-0.346153846153846,-0.00247803264664283,0.821096511316497,2.98048768863931,1
-0.342307692307692,-0.00247712824778387,0.815538119254974,2.97684421459932,1
-0.338461538461538,-0.0024762388985871,0.80996733005948,2.9731962223572,1
-0.334615384615385,-0.00247536485404625,0.804384076998616,2.96954369540716,1
-0.330769230769231,-0.00247450637309747,0.798788292798313,2.96588661714812,1
-0.326923076923077,-0.00247366371868735,0.79317990963601,2.96222497088303,1
-0.323076923076923,-0.00247283715783876,0.787558859134778,2.95855873981814,1
-0.319230769230769,-0.002472026961721,0.78192507235734,2.95488790706232,1
-0.315384615384615,-0.0024712334057194,0.776278479800032,2.95121245562635,1
-0.311538461538462,-0.00247045676950775,0.770619011386678,2.94753236842223,1
-0.307692307692308,-0.00246969733712004,0.76494659646238,2.9438476282624,1
-0.303846153846154,-0.00246895539702552,0.759261163787231,2.94015821785908,1
-0.3,-0.00246823124220488,0.753562641529942,2.93646411982353,1
-0.296153846153846,-0.00246752517022619,0.747850957261381,2.93276531666528,1
-0.292307692307692,-0.00246683748332423,0.742126037948033,2.92906179079145,1
-0.288461538461539,-0.00246616848848115,0.736387809945363,2.92535352450595,1
-0.284615384615385,-0.0024655184975073,0.730636198991102,2.92164050000877,1
-0.280769230769231,-0.00246488782712467,0.724871130198427,2.91792269939523,1
-0.276923076923077,-0.00246427679905231,0.719092528049065,2.91420010465519,1
-0.273076923076923,-0.00246368574009213,0.713300316386292,2.91047269767232,1
-0.269230769230769,-0.00246311498221759,0.707494418407839,2.9067404602233,1
-0.265384615384615,-0.00246256486266319,0.701674756658713,2.90300337397708,1
-0.261538461538462,-0.00246203572401663,0.695841253023901,2.89926142049407,1
-0.257692307692308,-0.00246152791431173,0.689993828720992,2.89551458122539,1
-0.253846153846154,-0.00246104178712384,0.684132404292689,2.89176283751205,1
-0.25,-0.00246057770166702,0.678256899599221,2.88800617058417,1
-0.246153846153846,-0.00246013602289328,0.672367233810643,2.88424456156021,1
-0.242307692307692,-0.00245971712159264,0.666463325399052,2.88047799144609,1
-0.238461538461539,-0.00245932137449742,0.660545092130668,2.87670644113446,1
-0.234615384615385,-0.00245894916438613,0.654612451057825,2.87292989140387,1
-0.230769230769231,-0.00245860088019092,0.648665318510841,2.8691483229179,1
-0.226923076923077,-0.0024582769171068,0.642703610089781,2.86536171622442,1
-0.223076923076923,-0.002457977676703,0.636727240656105,2.86157005175467,1
-0.219230769230769,-0.00245770356703653,0.630736124324192,2.85777330982253,1
-0.215384615384615,-0.00245745500276769,0.624730174452758,2.85397147062359,1
-0.211538461538462,-0.00245723240527864,0.61870930363614,2.85016451423434,1
-0.207692307692308,-0.00245703620279352,0.612673423695472,2.84635242061138,1
-0.203846153846154,-0.00245686683050217,0.606622445669724,2.84253516959047,1
-0.2,-0.0024567247306843,0.600556279806625,2.83871274088574,1
-0.196153846153846,-0.00245661035283852,0.594474835553446,2.83488511408882,1
-0.192307692307692,-0.00245652415381236,0.58837802154767,2.83105226866797,1
-0.188461538461539,-0.00245646659793523,0.58226574560751,2.82721418396721,1
-0.184615384615385,-0.00245643815715508,0.576137914722306,2.82337083920544,1
-0.180769230769231,-0.00245643931117619,0.56999443504278,2.81952221347558,1
-0.176923076923077,-0.00245647054760109,0.563835211871152,2.81566828574368,1
-0.173076923076923,-0.00245653236207503,0.557660149651114,2.81180903484804,1
-0.169230769230769,-0.00245662525843268,0.551469151957663,2.80794443949831,1
-0.165384615384615,-0.00245674974884924,0.545262121486785,2.80407447827462,1
-0.161538461538462,-0.00245690635399329,0.539038960044992,2.80019912962664,1
-0.157692307692308,-0.00245709560318377,0.532799568538707,2.79631837187275,1
-0.153846153846154,-0.00245731803454988,0.526543846963495,2.79243218319907,1
-0.15,-0.00245757419519369,0.52027169439314,2.78854054165859,1
-0.146153846153846,-0.00245786464135694,0.513983008968562,2.78464342517025,1
-0.142307692307692,-0.00245818993859179,0.507677687886571,2.78074081151805,1
-0.138461538461539,-0.00245855066193346,0.501355627388461,2.77683267835008,1
-0.134615384615385,-0.00245894739607733,0.49501672274843,2.77291900317767,1
-0.130769230769231,-0.00245938073556085,0.488660868261843,2.76899976337443,1
-0.126923076923077,-0.00245985128494748,0.482287957233306,2.76507493617532,1
-0.123076923076923,-0.00246035965901505,0.47589788196458,2.76114449867579,1
-0.119230769230769,-0.00246090648294951,0.469490533742305,2.75720842783074,1
-0.115384615384615,-0.00246149239254028,0.463065802825552,2.75326670045372,1
-0.111538461538462,-0.00246211803438173,0.456623578433182,2.74931929321591,1
-0.107692307692308,-0.00246278406607847,0.450163748731024,2.74536618264521,1
-0.103846153846154,-0.00246349115645434,0.443686200818861,2.74140734512536,1
-0.1,-0.00246423998576664,0.437190820717217,2.73744275689492,1
-0.0961538461538461,-0.00246503124592446,0.430677493353958,2.73347239404641,1
-0.0923076923076924,-0.00246586564071254,0.424146102550675,2.72949623252534,1
-0.0884615384615386,-0.00246674388601798,0.417596531008884,2.7255142481293,1
-0.0846153846153846,-0.00246766671006489,0.411028660295999,2.72152641650701,1
-0.0807692307692309,-0.00246863485365062,0.404442370831111,2.7175327131574,1
-0.0769230769230769,-0.00246964907039023,0.397837541870534,2.71353311342865,1
-0.0730769230769232,-0.00247071012696449,0.391214051493155,2.70952759251731,1
-0.0692307692307694,-0.00247181880337323,0.384571776585537,2.70551612546736,1
-0.0653846153846154,-0.00247297589319513,0.377910592826818,2.70149868716922,1
-0.0615384615384617,-0.00247418220385288,0.371230374673369,2.69747525235893,1
-0.0576923076923077,-0.00247543855688363,0.364530995343218,2.69344579561716,1
-0.0538461538461539,-0.00247674578821592,0.357812326800242,2.68941029136831,1
-0.0500000000000002,-0.00247810474845261,0.351074239738111,2.6853687138796,1
-0.0461538461538462,-0.0024795163031602,0.344316603563992,2.68132103726015,1
-0.0423076923076924,-0.00248098133316357,0.337539286381996,2.67726723546012,1
-0.0384615384615384,-0.00248250073484911,0.330742154976378,2.67320728226973,1
-0.0346153846153847,-0.00248407542047275,0.32392507479447,2.66914115131845,1
-0.0307692307692309,-0.00248570631847586,0.317087909929359,2.66506881607407,1
-0.0269230769230769,-0.0024873943738083,0.31023052310229,2.66099024984181,1
-0.0230769230769232,-0.00248914054825768,0.303352775644801,2.65690542576348,1
-0.0192307692307693,-0.00249094582078724,0.296454527480574,2.65281431681661,1
-0.0153846153846154,-0.00249281118788067,0.289535637107015,2.64871689581354,1
-0.0115384615384617,-0.00249473766389505,0.282595961576536,2.64461313540067,1
-0.00769230769230778,-0.00249672628142093,0.27563535647755,2.64050300805753,1
-0.00384615384615394,-0.00249877809165192,0.268653675915166,2.63638648609601,1
0,-0.00250089416476163,0.261650772491591,2.63226354165953,1
0.00384615384615383,-0.0025030755902893,0.254626497286206,2.62813414672223,1
0.00769230769230744,-0.00250532347753503,0.247580699835348,2.6239982730882,1
0.0115384615384615,-0.00250763895596297,0.240513228111764,2.61985589239067,1
0.0153846153846153,-0.00251002317561427,0.233423928503739,2.61570697609131,1
0.0192307692307692,-0.00251247730752999,0.226312645793903,2.6115514954794,1
0.023076923076923,-0.00251500254418279,0.219179223137693,2.60738942167119,1
0.0269230769230768,-0.00251760009991933,0.212023502041479,2.60322072560912,1
0.0307692307692307,-0.00252027121141256,0.204845322340345,2.59904537806119,1
0.0346153846153845,-0.00252301713812476,0.197644522175509,2.59486334962022,1
0.0384615384615385,-0.00252583916278105,0.190420937971393,2.59067461070326,1
0.0423076923076922,-0.00252873859185421,0.183174404412318,2.58647913155093,1
0.046153846153846,-0.00253171675606075,0.175904754418833,2.58227688222682,1
0.05,-0.00253477501086856,0.168611819123665,2.57806783261691,1
0.0538461538461537,-0.00253791473701657,0.161295427847285,2.57385195242902,1
0.0576923076923077,-0.00254113734104636,0.153955408073072,2.56962921119228,1
0.0615384615384615,-0.00254444425584699,0.146591585422093,2.56539957825662,1
0.0653846153846152,-0.00254783694121185,0.139203783627469,2.56116302279232,1
0.0692307692307692,-0.00255131688440935,0.131791824508328,2.55691951378955,1
0.073076923076923,-0.00255488560076716,0.124355527943344,2.55266902005798,1
0.0769230769230769,-0.00255854463426981,0.116894711843838,2.54841151022644,1
0.0807692307692307,-0.00256229555817135,0.10940919212646,2.54414695274251,1
0.0846153846153845,-0.00256613997562191,0.101898782685412,2.53987531587231,1
0.0884615384615384,-0.00257007952031003,0.0943632953642384,2.5355965677002,1
0.0923076923076922,-0.0025741158571197,0.0868025399271412,2.53131067612856,1
0.0961538461538463,-0.00257825068280412,0.0792163240298449,2.52701760887765,1
0.0999999999999999,-0.00258248572667492,0.0716044531899825,2.52271733348551,1
0.103846153846154,-0.00258682275130837,0.0639667307569949,2.51840981730781,1
0.107692307692308,-0.00259126355326902,0.0563029578815496,2.51409502751791,1
0.111538461538461,-0.00259580996385063,0.0486129334844574,2.50977293110683,1
0.115384615384615,-0.00260046384983531,0.0408964542250774,2.50544349488338,1
0.119230769230769,-0.00260522711427123,0.0331533144692186,2.50110668547429,1
0.123076923076923,-0.00261010169726928,0.025383306256506,2.49676246932442,1
0.126923076923077,-0.00261508957681941,0.0175862192672183,2.49241081269698,1
0.130769230769231,-0.00262019276962711,0.00976184078858859,2.48805168167398,1
0.134615384615385,-0.0026254133319706,0.00190995568054536,2.48368504215649,1
0.138461538461538,0.0148006271466415,-0.00596965365910026,2.47931085986524,0
0.142307692307692,0.0343451042525809,-0.0138772073300392,2.4749291003411,0
0.146153846153846,0.0538897051432183,-0.0218129279654268,2.47053972894573,0
0.15,0.0734344320421267,-0.0297770407684352,2.46614271086233,0
